player_id,Total_inflation_salary
abdelal01,"$6,304,225.16"
abdulka01,"$24,060,224.72"
abdulma02,"$41,772,255.61"
abdulta01,"$65,584,943.25"
abdursh01,"$163,036,582.98"
abrinal01,"$15,044,302.11"
ackeral01,"$2,983,676.13"
acresma01,"$3,869,427.85"
acyqu01,"$10,473,512.06"
adamsal01,"$5,129,032.53"
adamsha01,"$1,073,907.39"
adamsjo01,"$5,521,802.00"
adamsmi01,"$15,028,151.76"
adamsst01,"$41,233,368.22"
addisra01,"$3,716,199.35"
adebaba01,"$3,156,434.57"
adrieje01,"$4,471,985.53"
afflaar01,"$78,889,725.68"
agerma01,"$4,527,008.13"
aguirma01,"$20,149,090.09"
ahearbl01,"$183,089.84"
aingeda01,"$20,738,648.33"
ajincal01,"$25,165,098.00"
akognjo01,"$1,054,395.19"
alabiso01,"$2,253,760.22"
alarima01,"$3,774,236.75"
aldemfu01,"$7,898,389.81"
aldrico01,"$31,459,792.08"
aldrila01,"$199,258,360.44"
alexacl01,"$758,380.35"
alexaco01,"$21,921,864.98"
alexaco02,"$11,340,106.53"
alexaga01,"$315,788.99"
alexajo01,"$7,398,474.90"
alexavi01,"$13,632,984.97"
alforst01,"$1,279,805.23"
allenja01,"$2,172,073.53"
allenje01,"$1,926,056.33"
allenla01,"$20,142,626.97"
allenma01,"$19,824,930.78"
allenra02,"$294,962,251.89"
allento01,"$56,138,121.56"
almonmo01,"$3,106,554.63"
alstode01,"$1,032,529.84"
alstora01,"$43,647,145.55"
amaecjo01,"$16,621,547.07"
amayaas01,"$954,141.36"
aminual01,"$46,864,075.18"
amundlo01,"$16,488,603.90"
anderch01,"$54,560,535.88"
anderda03,"$6,903,852.00"
anderal01,"$11,926,949.83"
anderde01,"$98,801,922.50"
anderer01,"$851,625.64"
andergr01,"$12,852,558.29"
anderja01,"$7,380,389.92"
anderju01,"$5,877,310.78"
anderke01,"$120,716,661.91"
anderky01,"$7,220,121.27"
anderni01,"$81,860,888.45"
anderri01,"$1,412,770.51"
anderro01,"$7,765,439.98"
anderry01,"$103,286,406.22"
andersh01,"$83,862,837.86"
anderwi01,"$23,530,248.14"
andrima01,"$1,674,544.34"
anigbik01,"$1,204,088.10"
anslemi01,"$483,185.24"
anstech01,"$5,343,902.01"
antetgi01,"$39,807,793.77"
antetth01,"$139,453.08"
anthoca01,"$319,812,626.92"
anthogr01,"$36,109,804.60"
anthojo01,"$31,935,355.29"
anticpe01,"$1,644,762.44"
anunoog01,"$2,085,227.10"
applike01,"$213,056.83"
araujra01,"$10,792,683.35"
archiro01,"$1,562,175.41"
arenagi01,"$208,810,058.54"
arizatr01,"$104,603,398.48"
armstbj01,"$33,094,202.97"
armstbr01,"$4,826,000.96"
armstda01,"$48,618,070.98"
armsthi01,"$14,090,529.76"
arroyca01,"$31,942,874.87"
arthuda01,"$43,987,795.91"
asikom01,"$79,409,129.37"
askewvi01,"$12,003,719.45"
askinke01,"$11,448,469.85"
atkinch01,"$56,053,070.05"
augmost01,"$57,160,788.13"
augusdj01,"$47,782,657.47"
augusja01,"$1,685,924.76"
austiis01,"$41,988,463.97"
aventan01,"$7,102,383.73"
averywi01,"$7,005,238.55"
ayongu01,"$6,232,508.77"
pendeje02,"$9,963,432.06"
azubuke01,"$16,197,148.08"
babbch01,"$63,195.72"
babbilu01,"$14,214,714.35"
babicmi01,"$483,185.24"
bacondw01,"$1,033,760.33"
bagarda01,"$7,104,751.08"
baglejo01,"$10,101,157.96"
baileja01,"$3,833,643.23"
baileth01,"$18,759,573.80"
baileto01,"$1,549,816.95"
bairsca01,"$1,780,489.18"
bakerro01,"$6,191,621.27"
bakervi01,"$172,567,255.77"
balkmre01,"$15,867,905.16"
balllo01,"$7,967,970.61"
ballagr01,"$2,576,669.66"
banksge01,"$1,456,854.67"
banksma01,"$39,468,278.09"
bannike01,"$2,079,505.25"
barbole01,"$67,361,878.02"
bardost01,"$795,072.98"
bareajo01,"$44,506,154.06"
bargnan01,"$102,764,693.69"
barklch01,"$93,631,740.50"
barkler01,"$3,606,234.89"
barneha02,"$74,848,368.43"
barnema02,"$43,179,484.18"
barrean01,"$1,795,948.53"
barroea01,"$4,435,106.86"
barroda01,"$49,953,180.98"
barrybr01,"$90,821,105.78"
barrydr01,"$784,202.11"
barryjo01,"$35,481,983.97"
bartowi01,"$16,464,168.17"
basdeed01,"$643,600.20"
bassbr01,"$53,317,967.93"
bastoma01,"$8,062,175.07"
bateeme01,"$1,969,108.45"
batises01,"$1,674,544.34"
batismi01,"$607,336.69"
battito01,"$93,894,959.19"
battish01,"$85,526,422.90"
battljo01,"$11,683,738.98"
battlke01,"$1,157,597.78"
batumni01,"$124,834,248.05"
baxtelo01,"$3,790,214.42"
bayleje01,"$53,352,134.01"
baynear01,"$26,822,530.83"
bazarse01,"$353,683.67"
bazemke01,"$48,832,048.54"
bealbr01,"$83,681,049.20"
beaslje01,"$1,652,030.89"
beaslma01,"$4,269,625.03"
beaslmi01,"$50,833,721.13"
beaubro01,"$7,962,802.09"
beckco01,"$1,336,154.66"
bedfowi01,"$9,766,584.54"
belinma01,"$50,173,313.79"
bellch01,"$29,243,465.39"
belljo01,"$1,033,760.33"
bellra01,"$54,901,225.06"
belltr01,"$6,860,047.73"
bembrde01,"$3,934,775.66"
bendedr01,"$11,219,603.94"
bendejo01,"$51,991,681.48"
benimje01,"$85,321.06"
benjabe01,"$52,041,109.17"
benjaco01,"$3,698,358.52"
bennean01,"$21,811,509.63"
bennema01,"$3,835,268.04"
benneto01,"$1,176,432.11"
bennewi01,"$2,468,875.57"
benoida01,"$11,038,556.05"
bensoke02,"$97,436.12"
bensoke01,"$3,672,147.69"
bentibe01,"$431,276.94"
berryri01,"$798,070.01"
berrywa01,"$1,627,090.35"
bertada01,"$2,369,732.84"
besttr01,"$33,295,788.79"
beverpa01,"$25,984,231.02"
bhullsi01,"$39,267.72"
bibbymi01,"$171,246,844.51"
biedran01,"$88,818,428.58"
billuch01,"$165,205,740.26"
birchkh01,"$1,099,550.83"
birdla01,"$57,420,167.63"
birdsot01,"$7,840,155.78"
biyombi01,"$64,751,526.05"
bjeline01,"$15,211,180.16"
blabuw01,"$2,048,002.14"
blackta01,"$13,993,463.03"
blackro01,"$26,948,707.63"
blackal01,"$312,023.61"
blairde01,"$11,884,863.69"
blakest01,"$52,818,196.68"
blalowi01,"$640,595.36"
blankla01,"$2,922,873.66"
blantri01,"$17,829.92"
blatcan01,"$55,390,722.30"
blaylmo01,"$61,467,415.70"
bledser01,"$79,990,041.60"
blounco01,"$27,169,194.93"
blounma01,"$68,853,604.40"
bobbito01,"$507,557.69"
boganke01,"$27,795,918.56"
bogdabo01,"$12,003,635.38"
bogdabo02,"$26,979,589.33"
boguemu01,"$36,656,044.35"
bogutan01,"$163,269,295.56"
bohanet01,"$1,481,231.87"
bolma01,"$13,747,996.68"
bondwa01,"$1,026,282.19"
bonnean01,"$6,181,280.71"
bonnema01,"$43,100,581.06"
bookede01,"$8,630,821.58"
booketr01,"$44,908,786.30"
boonejo01,"$8,124,732.98"
boothca01,"$64,179,319.77"
boothke01,"$3,920,393.01"
boozeca01,"$211,962,916.52"
borchcu01,"$9,254,981.76"
borrela01,"$565,513.11"
boshch01,"$296,652,396.04"
bosweto01,"$196,332.53"
boumtru01,"$2,599,835.90"
bowdlca01,"$6,006,356.61"
bowenbr01,"$48,959,853.75"
bowenry01,"$14,540,685.11"
bowiean01,"$6,600,864.76"
bowiesa01,"$38,853,779.42"
bowmair01,"$43,265.72"
boycedo01,"$1,005,337.14"
boykiea01,"$26,801,278.16"
bozemce01,"$640,595.36"
brackcr01,"$3,819,996.23"
bradlav01,"$51,267,585.10"
bradldu01,"$765,357.97"
bradlmi01,"$8,782,118.67"
bradlsh01,"$128,213,579.10"
bradlto01,"$1,793,356.14"
bradtma01,"$493,379.39"
braggma01,"$460,761.98"
braggto01,"$668,919.07"
bramlaj01,"$222,878.20"
brancad01,"$399,035.00"
brandel01,"$256,892,878.50"
brandte01,"$108,340,373.76"
breauti01,"$1,303,235.79"
bremejr01,"$1,562,175.41"
breuera01,"$10,388,026.11"
breweco01,"$68,047,404.99"
breweja01,"$3,754,151.74"
brewero02,"$28,145,043.15"
brezepr01,"$21,262,131.45"
brickfr01,"$29,543,298.69"
bridgju01,"$2,078,276.12"
brittmi01,"$306,330.28"
brockjo01,"$4,842,996.87"
brogdma01,"$2,865,395.56"
brookaa01,"$27,338,662.43"
brookdi01,"$1,033,760.33"
brookke01,"$6,579,779.61"
brookma01,"$5,210,666.20"
brookmi01,"$207,591.50"
brooksc01,"$7,424,807.18"
brownan01,"$1,614,246.03"
brownbo02,"$4,491,172.07"
brownch01,"$8,265,620.96"
brownda02,"$928,058.85"
brownde01,"$48,189,309.33"
brownde03,"$988,464.88"
brownde04,"$2,943,799.11"
brownde02,"$12,741,976.44"
browner01,"$585,022.34"
brownge02,"$1,268,816.65"
brownja01,"$58,902.23"
brownja02,"$12,444,005.89"
brownke01,"$12,395,777.40"
brownkw01,"$99,043,381.03"
brownma01,"$2,439,262.67"
brownmi01,"$14,559,263.13"
brownmy01,"$457,338.78"
brownpj01,"$121,474,436.12"
brownra02,"$28,579,450.95"
brownri01,"$483,280.08"
brownsh01,"$24,621,026.89"
brownst02,"$1,033,760.33"
brownti01,"$1,781,686.69"
brownto01,"$1,656,307.06"
brunsri01,"$9,413,977.05"
brussni01,"$1,853,417.33"
bryanko01,"$490,176,628.55"
bryanma01,"$34,701,197.54"
bryanth01,"$1,033,760.33"
bryanwa01,"$976,151.32"
buckngr01,"$47,264,921.98"
bucknqu01,"$1,372,486.79"
budinch01,"$24,359,036.91"
buechju01,"$27,030,717.69"
buforro01,"$3,669,071.39"
bullama01,"$16,119,538.42"
bullore01,"$10,864,172.06"
burkepa01,"$3,075,065.47"
burketr01,"$15,507,484.53"
burksal01,"$51,780,641.26"
burksan01,"$1,676,081.08"
burleke01,"$752,249.87"
burnsev01,"$3,487,987.55"
burresc01,"$14,317,963.07"
burroju01,"$614,349.30"
burtowi01,"$15,011,873.57"
burttst01,"$207,591.50"
busedo01,"$392,665.06"
butleca01,"$121,907,232.89"
butlegr01,"$266,023.34"
butleja01,"$11,352,890.22"
butleji01,"$74,411,328.01"
butlemi02,"$7,959,787.32"
butlera01,"$35,403,093.77"
buyckdw01,"$1,011,459.46"
bynuman01,"$103,038,973.78"
bynumwi01,"$23,569,127.79"
cabarza01,"$9,865,230.33"
cabocbr01,"$9,098,022.71"
caffeja01,"$60,799,576.56"
cagemi01,"$36,982,788.53"
calatni01,"$1,074,335.14"
caldejo01,"$115,750,388.35"
caldwad01,"$2,099,973.53"
caldwke01,"$38,273,448.34"
callori01,"$301,990.78"
cambrde01,"$334,311.01"
cambyma01,"$206,045,381.48"
campbel01,"$129,124,853.50"
campbto01,"$15,395,790.67"
canaais01,"$5,227,033.76"
capelca01,"$7,844,328.16"
caracde01,"$1,050,677.28"
cardibr01,"$60,508,706.71"
carlige01,"$109,319.94"
carliri01,"$871,886.65"
carnero01,"$9,175,133.55"
carran01,"$29,466,089.32"
carrch01,"$7,907,070.65"
carrco01,"$547,582.53"
carrke01,"$2,198,803.39"
carrml01,"$528,587.59"
carrode01,"$65,796,627.01"
carrojo01,"$15,736,419.92"
carroma01,"$43,024,007.16"
cartean01,"$28,110,204.32"
cartebu01,"$483,280.08"
cartevi01,"$275,289,381.19"
cartemi01,"$16,685,655.07"
cartwbi01,"$34,742,601.68"
cassesa01,"$100,132,659.12"
casspom01,"$21,010,301.35"
catchha01,"$791,371.13"
catlete01,"$17,968,839.36"
catoke01,"$79,872,064.76"
cattabo01,"$204,220.19"
caulewi01,"$13,783,851.53"
causwdu01,"$35,282,930.95"
cavanty01,"$925,143.98"
cavenro01,"$266,023.34"
cebalce01,"$39,361,509.32"
celesjo01,"$565,513.11"
chalmli01,"$1,848,693.28"
chalmma01,"$33,326,389.69"
chambto01,"$36,737,399.89"
chandty01,"$247,030,225.24"
chandwi01,"$77,261,629.62"
chapmre01,"$48,200,348.85"
charllo01,"$204,220.19"
cheanca01,"$57,092,387.13"
cheekma01,"$13,677,544.73"
cherrwi01,"$32,895.25"
chievde01,"$2,199,442.94"
chilcpe01,"$10,868,308.18"
childjo01,"$55,691,762.60"
childra01,"$6,079,778.49"
childch01,"$49,668,939.92"
chrisma01,"$7,717,288.65"
chrisdo01,"$90,940,316.80"
chrisdi01,"$64,957.41"
chrisra01,"$2,902,837.85"
chrisse01,"$706,049.38"
clarkca01,"$196,332.53"
clarkea01,"$14,339,653.41"
clarkia01,"$5,506,344.17"
clarkke01,"$26,671,584.19"
clarkco01,"$81,358.17"
clarkjo01,"$32,674,861.58"
clavevi01,"$5,345,592.29"
claxtsp01,"$57,940,706.39"
cleavma01,"$8,875,810.56"
closske01,"$11,712,271.00"
cofferi01,"$362,388.93"
cofiefr01,"$204,220.19"
cokerjo01,"$2,031,589.45"
coleno01,"$11,430,773.47"
colembe01,"$1,559,238.85"
colemde01,"$174,003,761.99"
colesbi01,"$38,245,507.60"
collija02,"$11,957,254.35"
collija01,"$468,164.29"
collija03,"$23,580,485.44"
collija04,"$52,652,119.27"
collijo01,"$2,454,970.86"
collima01,"$7,099,129.87"
collish01,"$672,721.95"
colliza01,"$3,874,932.95"
collida01,"$43,886,815.28"
collini01,"$86,412,646.72"
coltest01,"$2,316,007.55"
comegda01,"$783,847.81"
conlemi01,"$147,894,787.03"
conloma01,"$8,843,551.35"
connapa01,"$3,692,741.81"
connele01,"$8,419,595.97"
conrowi01,"$241,715.19"
cookan01,"$5,125,614.86"
cookbr01,"$26,507,020.42"
cookda02,"$18,392,303.93"
cookda01,"$2,636,614.57"
cookje01,"$1,352,557.20"
cookom01,"$513,678.92"
coopedu01,"$635,784.83"
coopemi01,"$3,921,917.85"
coopewa01,"$13,712,593.68"
copato01,"$365,871.03"
copelch01,"$10,226,615.31"
copella01,"$297,270.21"
corbity01,"$26,040,041.45"
corchch01,"$992,383.23"
corzida01,"$10,737,218.53"
cottobr01,"$652,309.20"
cottoja02,"$1,329,898.55"
courtjo01,"$812,224.21"
couside01,"$104,057,326.21"
covinro01,"$25,313,904.70"
crabbal01,"$50,919,212.95"
crawfch01,"$28,549,818.65"
crawfja01,"$171,245,117.20"
crawfjo02,"$8,260,255.78"
crispjo01,"$85,613.15"
critewi01,"$609,317.84"
crittja01,"$6,123,189.13"
croshau01,"$93,927,913.44"
crottjo01,"$10,675,948.61"
crowdco01,"$1,155,469.49"
crowdja01,"$27,756,799.36"
cummipa01,"$7,570,684.89"
cummite01,"$53,525,160.33"
cummivo01,"$4,124,061.55"
cunnida01,"$22,126,692.93"
cunnija01,"$4,553,746.96"
cunniwi01,"$1,672,312.56"
curcira01,"$312,023.61"
curetea01,"$2,838,149.01"
curlebi01,"$13,214,391.57"
curryde01,"$39,782,633.71"
curryed01,"$107,235,503.24"
curryja01,"$688,771.65"
currymi01,"$25,779,013.80"
curryse01,"$9,045,650.15"
curryst01,"$119,693,731.66"
cvetkra01,"$409,566.20"
dailequ01,"$5,689,447.80"
dalemsa01,"$134,545,017.04"
dampier01,"$159,013,389.47"
daniean01,"$80,626,013.11"
danieer01,"$640,302.50"
daniell01,"$1,622,163.36"
daniema01,"$56,096,115.91"
danietr01,"$10,972,034.77"
danilsa01,"$6,751,205.43"
dantlad01,"$11,248,272.01"
dareyi01,"$16,954,539.49"
datomlu01,"$2,302,667.41"
daughbr01,"$47,984,225.34"
davidko01,"$1,836,721.27"
davidje01,"$1,265,935.85"
davisan02,"$89,728,182.34"
davisan01,"$154,006,277.62"
davisba01,"$226,355,110.36"
davisbe01,"$1,681,038.78"
davisbr01,"$5,554,068.17"
davisbr02,"$323,761.22"
davisch02,"$661,603.82"
davisda01,"$140,238,173.85"
davisde01,"$3,442,514.88"
davised01,"$40,044,141.40"
davisem01,"$5,830,253.53"
davisgl01,"$47,097,547.78"
davishu01,"$31,242,574.80"
davisjo01,"$2,309,967.12"
davisjo02,"$1,780,888.93"
davisma02,"$1,733,540.92"
davispa01,"$2,282,138.33"
davisri01,"$69,481,359.50"
daviste01,"$28,444,013.94"
daviswa03,"$12,632,310.33"
dawkian01,"$78,535.43"
dawkida01,"$7,884,614.94"
dawkijo01,"$22,321,472.41"
dawsobr01,"$691,540.47"
dawsoer01,"$53,350.11"
dayto01,"$24,926,624.31"
dayeau01,"$14,552,313.93"
dayeda01,"$637,039.30"
decolna01,"$3,856,488.85"
declean01,"$31,890,751.99"
dedmode01,"$13,691,586.11"
deherte01,"$16,304,728.50"
dejeabr01,"$370,941.14"
dekkesa01,"$6,678,135.08"
delnevi01,"$35,017,730.26"
delanma01,"$6,416,523.45"
delebi01,"$43,331,476.60"
delfica01,"$34,277,131.42"
delkto01,"$34,767,711.25"
dellama01,"$27,243,987.19"
dembofe01,"$266,023.34"
dempsde01,"$460,761.98"
denglu01,"$187,443,035.06"
derozde01,"$122,370,963.28"
dialde01,"$2,343,262.66"
diallch01,"$2,369,732.84"
diawbo01,"$114,220,354.87"
diawaya01,"$4,339,369.87"
diazgu01,"$85,251.12"
dickada01,"$18,110,231.55"
dickeka01,"$1,704,811.16"
dickemi01,"$29,944,046.47"
dienetr01,"$8,854,078.90"
dienggo01,"$26,547,893.79"
dinwisp01,"$4,910,050.41"
dioguik01,"$16,494,188.28"
diopde01,"$69,928,236.55"
divacvl01,"$173,271,448.60"
dixonju01,"$19,739,384.06"
doleami01,"$33,212,950.21"
donalja01,"$10,040,501.41"
doolike01,"$47,341,994.80"
dorsejo01,"$6,273,347.12"
dorsety01,"$1,033,760.33"
dotsoda01,"$1,394,207.27"
doubyqu01,"$6,159,926.66"
douglsh01,"$48,547,186.03"
douglto01,"$12,983,544.33"
douglch01,"$4,234,861.82"
dowdeza01,"$344,275.62"
dragigo01,"$102,635,723.80"
dragizo01,"$5,282,100.13"
dreilgr01,"$6,032,432.33"
drewbr01,"$12,606,273.38"
drewjo01,"$755,125.12"
drewla01,"$8,226,316.89"
drewla02,"$360,516.39"
drexlcl01,"$66,205,155.45"
drobnpr01,"$10,228,844.98"
drumman01,"$73,047,102.83"
duckwke01,"$41,657,487.89"
dudlech02,"$74,338,539.80"
dudleja01,"$63,330,422.55"
duhonch01,"$48,349,282.38"
dukandu01,"$691,540.47"
dumarjo01,"$48,786,900.05"
dumasri02,"$3,578,716.16"
dumasto01,"$8,142,843.49"
duncati01,"$373,900,667.80"
dunlemi01,"$583,486.26"
dunlemi02,"$123,939,846.82"
dunnkr01,"$10,160,088.58"
dunntr01,"$1,625,182.38"
duprero01,"$4,727,758.21"
duranke01,"$214,324,782.57"
durhapa01,"$265,262.75"
eacklle01,"$5,898,015.34"
earlac01,"$10,539,992.80"
earlycl01,"$1,780,489.18"
eatonma01,"$22,257,747.43"
ebankde01,"$3,169,741.75"
ebind01,"$4,614,699.72"
eddieja01,"$1,372,627.19"
eddiepa01,"$297,270.21"
edneyty01,"$2,651,796.21"
edwarbl01,"$24,737,713.89"
edwarco01,"$530,982.56"
edwardo01,"$11,666,490.60"
edwarfr01,"$291,743.13"
edwarja01,"$17,603,161.05"
edwarjo01,"$3,930,607.53"
edwarke01,"$26,150,252.83"
ehlocr01,"$23,057,617.63"
eisleho01,"$64,475,151.89"
ekeziob01,"$3,455,002.63"
elamikh01,"$1,396,825.94"
eliema01,"$25,754,762.33"
ellenhe01,"$4,470,999.30"
ellinwa01,"$33,729,913.01"
elliose01,"$85,672,418.11"
ellisda01,"$43,333,444.27"
ellisha01,"$526,314.98"
ellisla01,"$54,695,610.71"
ellisle02,"$1,554,498.53"
ellismo01,"$133,032,955.24"
ellispe01,"$51,386,511.84"
elsonfr01,"$19,043,928.83"
elyme01,"$21,802,409.35"
embiijo01,"$25,921,324.72"
emmetan01,"$1,761,941.33"
englech01,"$345,985.84"
englewa01,"$266,023.34"
engliaj01,"$2,959,946.13"
englial01,"$23,438,909.06"
englijo01,"$105,263.00"
engliki01,"$643,108.12"
ennisja01,"$9,482,012.56"
ennisty01,"$8,466,955.63"
erdense01,"$1,737,984.15"
ervinju01,"$7,515,992.97"
eschmev01,"$28,836,630.69"
esposvi01,"$1,023,915.50"
evansbr01,"$3,581,791.43"
evansja01,"$1,033,760.33"
evansje01,"$11,968,671.17"
evansma01,"$21,871,729.98"
evansmi01,"$1,213,232.28"
evansre01,"$47,535,390.98"
evansty01,"$84,444,895.77"
ewingda01,"$1,757,242.26"
ewingpa01,"$255,934,469.56"
exumda01,"$21,178,573.58"
eyengch01,"$4,578,410.42"
ezelife01,"$16,958,412.11"
farieke01,"$55,240,270.33"
farmajo01,"$26,243,827.56"
farmede01,"$549,524.95"
farmeji01,"$484,380.17"
farmeto01,"$1,975,465.25"
favervi01,"$2,750,042.79"
favorde01,"$88,733,592.96"
fazekni01,"$649,533.99"
feickja01,"$17,831,630.44"
feitlda01,"$1,674,710.13"
feliccr01,"$11,769,149.91"
felixca01,"$1,252,922.95"
feltora01,"$73,275,952.89"
fergute01,"$2,262,418.17"
fernaru01,"$8,097,747.62"
ferrero01,"$266,023.34"
ferredu01,"$19,091,449.63"
ferreyo01,"$2,237,994.01"
ferryda01,"$89,501,091.68"
fesenky01,"$5,134,486.33"
fieldke01,"$423,027.54"
fieldla01,"$26,802,349.62"
finlemi01,"$230,628,092.09"
finnedo01,"$2,369,732.84"
fishma01,"$1,099,352.85"
fishede01,"$100,638,625.64"
fitchge01,"$580,809.30"
fizerma01,"$22,169,505.00"
flemive01,"$18,122,279.67"
florelu01,"$640,302.50"
floydsl01,"$19,769,084.29"
flynnjo01,"$13,634,913.86"
footeje01,"$314,942.04"
forbebr01,"$2,369,732.84"
forbega01,"$4,806,012.24"
fordal02,"$2,468,391.19"
fordsh02,"$188,371.06"
fordsh01,"$3,318,346.51"
fordtj01,"$65,130,666.91"
fortejo01,"$5,236,442.46"
fortsco01,"$58,712.80"
fortsda01,"$71,728,258.99"
fostegr01,"$17,028,219.34"
fosteje01,"$77,502,380.60"
fostero01,"$777,250.65"
fotsian01,"$585,022.34"
fournev01,"$52,348,687.71"
fowlktr01,"$2,103,805.52"
foxde01,"$5,841,981.97"
foxri01,"$62,389,280.48"
foyera01,"$48,180,682.73"
foylead01,"$103,416,971.90"
frahmri01,"$3,886,114.87"
francst01,"$165,368,515.26"
frankte01,"$2,214,796.34"
frankja01,"$875,245.24"
fraziti01,"$6,698,218.10"
fredean01,"$635,771.33"
fredeji01,"$11,723,984.04"
freewo01,"$4,561,681.28"
freeljo01,"$11,930,658.79"
freijma01,"$859,046.40"
fryech01,"$90,912,868.87"
fulleto02,"$9,549,821.36"
fultzma01,"$8,905,486.28"
fundela01,"$26,569,869.18"
gadzuda01,"$56,528,867.79"
gaide01,"$149,126.76"
gaineco01,"$28,973.62"
gainere01,"$7,221,246.99"
gainesu01,"$2,051,391.36"
gallida01,"$123,954,125.91"
gallola01,"$16,628,461.63"
gamblke01,"$24,286,592.17"
garbajo01,"$18,245,832.00"
garceru01,"$577,959.55"
garcial01,"$1,652,030.89"
garcifr01,"$44,087,156.89"
gardnth01,"$1,191,771.61"
garinpa01,"$171,447.29"
garlawi01,"$4,584,270.28"
garnech01,"$468,164.29"
garnebi02,"$1,670,239.43"
garneke01,"$545,694,490.30"
garnema01,"$547,582.53"
garrede01,"$24,023,048.29"
garredi02,"$1,847,393.96"
garrito01,"$1,544,777.03"
garriki01,"$114,548.84"
garripa01,"$37,749,717.03"
gasolma01,"$173,931,717.76"
gasolpa01,"$290,219,912.63"
gatlich01,"$56,927,298.52"
gattike01,"$14,727,085.84"
gayru01,"$172,013,965.37"
gazean01,"$1,528,356.48"
gbinimi01,"$1,478,176.92"
gearyre01,"$965,244.28"
geeal01,"$16,930,939.39"
geigema01,"$81,880,036.90"
gelabmi01,"$3,071,704.25"
georgde01,"$47,056,127.15"
georgpa01,"$106,446,796.66"
georgta01,"$4,680,702.44"
georgma01,"$1,779,227.10"
gervide01,"$374,468.56"
gervige01,"$4,861,485.52"
gibsoda01,"$31,406,978.23"
gibsojo01,"$941,033.78"
gibsomi01,"$233,394.50"
gibsota01,"$68,885,748.15"
giddejr01,"$2,895,463.64"
gildetr01,"$39,237.66"
gilesha01,"$2,356,717.28"
gilled01,"$3,314,361.45"
gillke01,"$85,269,775.21"
gillebe01,"$266,023.34"
gilliar01,"$51,751,516.06"
gilmoar01,"$6,152,748.03"
ginobma01,"$182,872,761.71"
giricgo01,"$30,436,335.34"
gladnmi01,"$346,978.38"
glassge01,"$5,986,548.77"
gloucge01,"$510,550.47"
glovedi01,"$9,941,592.11"
glynian01,"$249,988.93"
gminsmi01,"$28,552,739.63"
goberru01,"$35,081,941.58"
godfrda01,"$228,669.39"
goldwan01,"$1,694,406.56"
gomesry01,"$32,144,428.71"
gondrgr01,"$332,529.17"
goodedr01,"$99,970,944.47"
goodrst01,"$827,350.73"
goodwar01,"$7,511,533.46"
gordoaa01,"$23,376,461.02"
gordobe01,"$120,697,180.68"
gordodr01,"$52,632.40"
gordoer01,"$127,758,769.48"
gordola01,"$583,486.26"
gortama01,"$109,171,481.45"
goudean01,"$926,107.95"
grahagr01,"$11,350,761.48"
grahajo01,"$13,256,355.47"
grahapa01,"$2,695,251.64"
grahast01,"$5,557,364.45"
grahatr01,"$2,468,506.84"
grandji01,"$277,831.51"
grandro01,"$1,602,690.22"
grangda01,"$98,954,411.55"
grantbr01,"$189,189,666.94"
grantga01,"$21,067,411.11"
grantgr01,"$1,642,326.66"
grantha01,"$47,123,983.48"
grantho01,"$133,273,284.67"
grantje01,"$5,482,986.59"
grantje02,"$6,377,555.26"
grantjo01,"$323,761.22"
grantpa01,"$5,746,436.99"
grayaa01,"$17,992,577.95"
grayde01,"$464,687.77"
grayed01,"$4,748,691.99"
grayjo01,"$128,490.14"
grayst01,"$2,825,492.67"
graysy01,"$425,637.34"
grayeje01,"$7,467,156.76"
greenac01,"$85,165,442.60"
greenda02,"$55,908,551.77"
greende01,"$643,600.20"
greendr01,"$63,064,463.53"
greener01,"$930,188.60"
greenge01,"$27,034,221.04"
greenja01,"$13,280,860.17"
greenje02,"$90,983,325.91"
greenke02,"$716,617.40"
greenli01,"$1,345,005.03"
greenri01,"$4,468,726.04"
greense01,"$1,951,836.18"
greensi02,"$17,561,273.78"
greenta01,"$649,533.99"
greenwi01,"$34,147,000.70"
greendo01,"$7,341,836.68"
greenor01,"$1,748,500.52"
greenda01,"$9,010,439.51"
greerly01,"$1,030,944.14"
gregocl01,"$207,591.50"
greveke01,"$1,156,851.69"
griffad01,"$14,898,377.13"
griffbl01,"$166,675,538.23"
griffed01,"$25,000,569.49"
griffta01,"$667,038.70"
griffda01,"$8,811,931.02"
grimmde01,"$468,164.29"
grunfer01,"$1,557,418.72"
gudmupe01,"$1,215,944.35"
guglito01,"$148,456,523.58"
guibean01,"$368,420.49"
guidija01,"$851,625.64"
gutiejo01,"$475,533.16"
guytoaj01,"$1,429,408.82"
haddaha01,"$10,787,604.88"
haffnsc01,"$181,194.47"
hairsma01,"$1,585,447.66"
hairspj02,"$3,110,077.84"
haislma01,"$9,610,540.18"
haleyja01,"$5,924,401.22"
hallmi01,"$210,927.82"
hamda01,"$12,165,051.57"
hamerst01,"$438,559.46"
hamiljo02,"$4,985,922.67"
hamilju01,"$6,239,240.96"
hamilri01,"$166,283,807.96"
hamilta01,"$107,016.00"
hamilth01,"$955,401.03"
hamilze01,"$4,092,746.04"
hammige01,"$526,314.98"
hammoto01,"$23,506,478.19"
hammoaj01,"$2,508,129.80"
hancoda01,"$1,269,930.35"
handlbe01,"$678,196.03"
hansbbe01,"$643,108.12"
hansbty01,"$22,878,651.51"
hansebo01,"$6,284,935.01"
hansetr01,"$621,559.30"
hanzlbi01,"$5,027,632.09"
haranlu01,"$3,169,741.75"
hardaan01,"$216,281,951.74"
hardati01,"$90,301,484.04"
hardati02,"$28,840,464.70"
hardeja01,"$155,155,608.28"
harklma01,"$35,625,161.04"
harpede01,"$40,551,407.32"
harpeju01,"$1,902,763.68"
harpero01,"$69,533,483.58"
harprma01,"$77,070,783.64"
harremo01,"$4,539,516.08"
harrejo01,"$2,324,819.01"
harriad01,"$244,416.79"
harrial01,"$136,932,686.81"
harriju01,"$2,368,649.73"
harriot01,"$40,930,935.35"
harride01,"$104,438,678.65"
harriga01,"$9,472,997.67"
harrijo01,"$5,482,986.59"
harrilu01,"$36,307,574.92"
harrima01,"$999,789.09"
harrimi01,"$94,720.23"
harrist01,"$965,008.61"
harrite01,"$915,381.10"
harrito02,"$72,947,221.78"
harrito01,"$315,788.99"
harriaa01,"$1,400,735.22"
harrian01,"$2,891,378.53"
harrida01,"$6,966,847.78"
harrish01,"$338,614.92"
hartja01,"$18,154,603.44"
hartjo01,"$1,767,499.93"
harvean01,"$5,753,195.18"
harvedo01,"$6,051,228.98"
haskisc01,"$6,745,699.98"
hasleud01,"$83,418,967.46"
hassetr01,"$42,858,186.55"
hastisc01,"$5,742,683.03"
hastoki01,"$6,592,272.60"
hawessp01,"$64,854,970.75"
hawkihe01,"$61,553,070.84"
hawkiju01,"$1,020,926.21"
hawkimi01,"$2,309,985.08"
hayesch01,"$42,536,735.46"
hayesja01,"$20,929,123.94"
hayesni01,"$308,672.42"
hayesst01,"$291,743.13"
haywago01,"$113,438,273.32"
haywala01,"$4,687,603.44"
haywobr01,"$93,856,109.75"
headlu01,"$10,469,999.45"
healsh01,"$1,508,864.24"
hendeal01,"$89,341,598.83"
hendece02,"$15,652,339.17"
hendeda01,"$207,591.50"
hendege01,"$2,993,661.46"
hendege02,"$49,974,133.26"
hendejr01,"$547,582.53"
hendeke01,"$207,591.50"
hendrma01,"$1,419,430.52"
henryca01,"$247,981.66"
henryco01,"$332,146.40"
henryxa01,"$10,483,077.77"
hensojo01,"$42,253,478.49"
hensost01,"$2,156,540.87"
hernaju01,"$5,214,293.17"
hernawi01,"$3,606,086.16"
herrech01,"$1,143,472.66"
herreca01,"$22,023,073.78"
herrmwa01,"$8,666,174.87"
hezonma01,"$15,176,053.10"
hibbero01,"$94,635,001.59"
hicksjj01,"$36,756,220.09"
hieldbu01,"$9,227,892.26"
higgico01,"$722,801.99"
higgiro01,"$5,206,525.79"
higgise01,"$3,522,804.23"
hilarne01,"$182,647,959.06"
hillge01,"$85,964,301.83"
hillgr01,"$243,485,119.47"
hilljo01,"$43,290,469.20"
hillso01,"$35,283,552.75"
hillst01,"$216,155.13"
hillty01,"$97,422,676.50"
hinriki01,"$104,410,647.41"
hinsoro01,"$20,123,712.88"
hitero01,"$640,595.36"
hobsoda01,"$490,068.65"
hodgedo01,"$8,142,989.53"
hodgeju01,"$3,770,674.04"
hodgecr01,"$6,409,936.98"
hoibefr01,"$18,272,497.86"
holcora01,"$83,981.04"
holidjr01,"$97,106,723.36"
holidju01,"$9,491,277.46"
holliry01,"$18,856,010.98"
holliro01,"$5,436,820.13"
holmeri01,"$4,580,462.04"
holtomi01,"$1,645,858.97"
honeyje01,"$2,013,493.69"
honeyty01,"$2,316,548.76"
hoodde01,"$93,144.11"
hoodro01,"$8,326,281.37"
hoppeda01,"$2,849,355.61"
hopsode01,"$7,401,156.52"
hopsosc01,"$93,993.65"
horfoal01,"$175,911,517.04"
horfoti01,"$281,624.52"
hornaje01,"$52,766,737.17"
hornede01,"$128,081.08"
horryro01,"$97,001,445.39"
houseed01,"$21,842,083.76"
houstal01,"$206,656,731.16"
houstby01,"$5,521,361.65"
hovasto01,"$12,926.30"
howarbr01,"$445,748.01"
howardw01,"$293,529,061.47"
howarjo01,"$59,821,555.63"
howarju01,"$267,083,393.32"
howarst01,"$1,199,722.60"
hubbaph01,"$3,703,342.23"
hudsole01,"$920,102.39"
hudsotr01,"$47,133,624.22"
huertma01,"$2,640,262.81"
huestjo01,"$4,914,509.52"
huffmna01,"$5,754,630.73"
hugheri01,"$518,806.80"
hugheed01,"$266,023.34"
hughela01,"$133,550,869.87"
hugheri02,"$216,225.99"
hummero01,"$1,352,784.99"
humphry01,"$5,818,198.27"
humphja01,"$17,747,611.25"
humphkr01,"$86,327,310.92"
huntebr01,"$1,652,030.89"
huntech01,"$921,947.17"
hunteli01,"$61,132,659.97"
hunteot01,"$1,093,018.74"
huntest01,"$34,969,401.73"
hurlebo01,"$33,863,786.67"
hustoge01,"$262,568.82"
iavarma01,"$2,001,097.82"
ibakase01,"$98,433,531.54"
iguodan01,"$187,252,203.03"
ilgauzy01,"$205,562,009.46"
ilicmi01,"$2,555,488.58"
mbengdj01,"$16,131,524.81"
ilyaser01,"$71,922,444.54"
inglejo01,"$24,471,153.50"
inglida01,"$2,204,987.75"
ingraan01,"$17,521.38"
ingrabr01,"$13,857,310.29"
irvinby01,"$905,972.33"
irvinky01,"$97,747,367.97"
isaacjo01,"$5,305,997.99"
isselda01,"$1,854,587.30"
iuzzomi01,"$1,165,427.57"
iversal01,"$255,358,625.11"
iveyro01,"$11,973,697.48"
iwundwe01,"$1,330,834.22"
jackja01,"$65,316,782.66"
jacksaa01,"$5,840.46"
jacksbo01,"$59,586,293.94"
jacksce01,"$78,475.31"
jacksda01,"$2,943,273.97"
jacksfr01,"$1,033,760.33"
jacksja01,"$14,780,608.33"
jacksje01,"$3,825,473.82"
jacksji01,"$59,187,302.33"
jacksjo02,"$6,451,427.99"
jacksju01,"$2,998,255.42"
jackslu02,"$9,912,202.05"
jacksma02,"$41,042,275.50"
jacksma01,"$79,519,436.38"
jacksmi02,"$318,306.97"
jackspi01,"$1,651,121.51"
jacksra02,"$763,952.77"
jacksre01,"$66,037,124.46"
jacksst02,"$101,805,219.27"
jacobca01,"$6,452,441.52"
jacobsa01,"$3,859,219.71"
jamerda01,"$7,698,197.50"
jamesbe01,"$3,213,459.79"
jamesda01,"$3,448,077.33"
jameshe01,"$4,954,395.02"
jamesje01,"$70,736,467.14"
jamesle01,"$326,470,012.32"
jamesmi01,"$49,286,213.68"
jamesti01,"$4,450,737.79"
jamisan01,"$222,675,218.18"
jamisha01,"$1,620,187.01"
jaricma01,"$66,405,382.53"
jasiksa01,"$12,664,535.92"
jawaina01,"$1,718,174.01"
jeffech01,"$2,782,240.61"
jeffeal01,"$182,916,437.15"
jeffeam01,"$5,840.46"
jeffeco01,"$1,222,600.46"
jefferi01,"$169,411,803.78"
jeffrja01,"$61,057,518.17"
jenkich01,"$1,696,907.02"
jenkiho01,"$640,302.50"
jenkijo01,"$6,948,079.72"
jennibr01,"$54,243,362.13"
jennike01,"$2,081,846.00"
jentch01,"$1,019,694.37"
jepsele01,"$4,583,659.15"
jerebjo01,"$44,235,855.52"
jerregr01,"$2,321,883.67"
jetereu01,"$672,721.95"
jianlyi01,"$20,468,905.73"
johnsbr01,"$151,200.45"
johnsal01,"$1,685,924.76"
johnsam01,"$104,112,263.01"
johnsan02,"$31,158,696.56"
johnsar02,"$1,737,984.15"
johnsav01,"$66,322,753.15"
johnsbr02,"$3,342,204.50"
johnsbu01,"$7,296,996.06"
johnsca01,"$234,849.79"
johnsch03,"$3,130,567.78"
johnsch04,"$1,768,617.85"
johnscl01,"$3,817,784.01"
johnsda04,"$1,033,760.33"
johnsda01,"$2,517,335.31"
johnsde02,"$209,571.90"
johnsde01,"$8,033,083.32"
johnsde03,"$16,029,662.27"
johnsed02,"$2,285,359.34"
johnsed03,"$22,568,196.63"
johnser02,"$58,240,988.29"
johnsfr01,"$4,733,079.45"
johnsge02,"$408,440.38"
johnsiv01,"$2,001,382.80"
johnsja02,"$2,978,220.11"
johnsja01,"$40,602,966.33"
johnsjo02,"$309,817,830.46"
johnske01,"$309,247.72"
johnske03,"$607,336.69"
johnske02,"$67,271,430.44"
johnsla02,"$158,224,830.59"
johnsli01,"$4,624,896.13"
johnsma02,"$60,487,107.05"
johnsma01,"$5,927,624.85"
johnsmi01,"$1,679,927.93"
johnsni01,"$3,054,214.37"
johnsom01,"$35,042.77"
johnsor01,"$1,948,011.90"
johnsst04,"$11,527,478.88"
johnsst03,"$6,659,324.82"
johnstr01,"$400,422.72"
johnsty01,"$16,546,363.98"
johnsvi01,"$15,602,268.44"
johnswe01,"$35,442,462.39"
johnsda03,"$261,026.91"
jokicni01,"$5,341,895.04"
jonesal01,"$585,022.34"
jonesas01,"$315,788.99"
jonesbo01,"$2,968,965.89"
jonesbo02,"$1,816,590.93"
jonesca01,"$3,326,775.69"
jonesch01,"$7,741,189.39"
jonesch02,"$1,790,701.34"
jonesch03,"$1,268,816.65"
jonesda02,"$26,560,856.36"
jonesda03,"$3,185,713.55"
jonesda01,"$34,379,818.71"
jonesde01,"$642,972.33"
jonesdo02,"$4,978,050.43"
jonesdo01,"$4,731,968.38"
jonesdw02,"$2,914,575.26"
jonesed02,"$172,281,558.29"
jonesed01,"$1,304,798.95"
jonesfr01,"$22,036,905.23"
jonesja02,"$37,741,465.02"
jonesju01,"$16,393,699.25"
joneske01,"$529,618.69"
jonesma01,"$196,332.53"
jonespe01,"$7,023,716.47"
jonespo01,"$32,576,332.30"
jonesso01,"$8,426,810.29"
joneste01,"$11,171,752.70"
jonesty01,"$5,293,844.67"
jordaad01,"$666,622.22"
jordade01,"$143,093,451.33"
jordaje01,"$1,866,206.27"
jordami01,"$192,264,112.93"
jordare01,"$1,975,465.25"
josepco01,"$35,511,384.08"
josepga01,"$577,959.55"
josepkr01,"$257,243.79"
kamanch01,"$124,676,798.44"
kaminfr01,"$10,596,524.67"
kanteen01,"$95,266,413.64"
kaponja01,"$42,050,326.95"
karasse01,"$6,087,104.10"
karlco01,"$1,167,340.74"
kasunma01,"$3,168,398.55"
kaunsa01,"$3,444,392.87"
keefead01,"$36,540,963.76"
kelleri01,"$583,486.26"
kellocl01,"$4,064,100.09"
kellyry01,"$4,985,240.82"
kempsh01,"$167,765,634.22"
kemptti01,"$3,376,549.30"
kennalu01,"$3,497,280.22"
kennedj01,"$64,957.41"
kernejo01,"$1,329,156.80"
kerrst01,"$30,163,789.29"
kerseje01,"$32,072,026.75"
kesslal01,"$13,071,079.13"
ketnela01,"$945,187.63"
keysra01,"$2,186,349.24"
khryavi01,"$8,215,351.35"
kiddja01,"$306,248,393.65"
kiddgmi01,"$60,984,472.28"
kilpase01,"$7,797,391.24"
kimblbo01,"$12,355,905.37"
kimbrst01,"$296,422.43"
kingal01,"$7,830,287.23"
kingbe01,"$32,361,994.07"
kingch01,"$460,761.98"
kingfr01,"$409,566.20"
kingge02,"$1,754,285.90"
kingji02,"$1,272,188.49"
kingre01,"$2,968,965.89"
kingri01,"$5,904,354.00"
kingst01,"$20,307,468.97"
kinseta01,"$2,137,415.00"
kirilan01,"$159,634,219.00"
kirkal01,"$85,527.65"
kitegr01,"$11,148,131.90"
kittlke01,"$98,203,588.01"
klebima01,"$1,033,760.33"
kleinjo01,"$24,970,357.35"
kleizli01,"$26,862,336.75"
knighbi01,"$1,307,876.71"
knighbr03,"$65,177,450.93"
knighbr01,"$60,199,966.02"
knighne01,"$5,658,492.67"
knightr01,"$40,696,383.92"
kofoeba01,"$1,149,414.49"
koncajo01,"$42,319,270.57"
kopicjo01,"$241,640.04"
korkmfu01,"$1,857,996.66"
kornefr01,"$543,583.40"
korolya01,"$5,594,975.30"
korveky01,"$96,572,711.67"
koufoko01,"$51,417,570.42"
kravtvi01,"$2,004,878.84"
krstine01,"$30,455,372.86"
krystla01,"$7,841,520.85"
kukocto01,"$112,675,611.25"
kupchmi01,"$6,828,621.54"
kurzro01,"$625,713.69"
kutluib01,"$5,499,716.85"
kuzmaky01,"$1,804,307.01"
kuzmiog01,"$1,074,335.14"
kuzmimi01,"$7,599,045.91"
labissk01,"$3,208,162.83"
laettch01,"$115,245,015.42"
lafrera01,"$136,463,173.94"
laimbbi01,"$19,292,118.82"
lambdo01,"$1,937,031.90"
lambje01,"$29,790,399.47"
lampje01,"$692,422.18"
lampema01,"$4,352,607.83"
lamplse01,"$758,714.00"
landrca01,"$65,215,365.51"
landrma01,"$667,038.70"
laneje01,"$3,704,960.39"
langan01,"$32,337,486.26"
langan02,"$2,587,037.07"
langja01,"$1,197,212.29"
langdtr01,"$8,168,306.41"
langfke01,"$414,077.29"
langhda01,"$3,440,529.74"
laproni01,"$274,113.78"
larkish01,"$8,007,974.61"
larueru01,"$742,657.15"
lasmest01,"$73,072.82"
laudepr01,"$3,667,667.51"
lauvejo01,"$8,760,523.73"
lavinza01,"$12,504,377.10"
lawac01,"$10,401,951.01"
lawalga01,"$672,773.09"
lawsoja01,"$515,481.31"
lawsoty01,"$58,141,227.76"
laymaja01,"$2,443,172.39"
leaftj01,"$2,570,867.51"
leaveal01,"$2,073,527.94"
leckner01,"$5,941,568.99"
ledori01,"$1,200,726.58"
leeco01,"$66,582,903.53"
leeda03,"$240,171.24"
leeda02,"$129,508,863.93"
leedo01,"$937,385.58"
leeke01,"$3,538,804.29"
leeku01,"$289,911.15"
leema01,"$2,915,732.26"
legleti01,"$9,964,110.50"
lemonwa01,"$116,809.22"
lenal01,"$26,059,065.29"
lenarvo01,"$45,585,514.78"
leonaga01,"$780,455.45"
leonaka01,"$79,840,214.51"
leoname01,"$37,481,793.97"
lesji01,"$3,307,390.03"
leslitr01,"$1,001,396.08"
lestero01,"$1,028,745.25"
leuerjo01,"$31,918,159.81"
leverfa01,"$24,358,309.17"
leverca01,"$4,098,738.27"
levincl01,"$10,607,456.43"
lewisma01,"$409,566.20"
lewisqu01,"$5,791,828.46"
lewisra01,"$673,132.34"
lewisra02,"$233,965,688.78"
lewisre01,"$17,009,006.59"
liberma01,"$3,307,196.62"
lichtto01,"$5,557,172.25"
liggide01,"$4,966,534.52"
lillada01,"$83,172,366.76"
linje01,"$68,216,469.11"
listeal01,"$22,123,842.50"
livinra01,"$2,563,199.32"
livinsh01,"$69,216,178.36"
llamaho01,"$1,336,154.66"
lloydle01,"$1,080,322.80"
lockhia01,"$915,470.91"
lohaubr01,"$12,492,081.57"
longar01,"$1,264,110.13"
longgr01,"$41,552,058.80"
longjo01,"$5,352,024.89"
longsh01,"$125,977.10"
longllu01,"$81,299,273.70"
looneke01,"$4,892,380.23"
lopezbr01,"$155,452,370.14"
lopezfe01,"$4,760,709.15"
lopezra01,"$6,530,412.30"
lopezro01,"$85,939,655.30"
loveke01,"$161,942,192.48"
lowryky01,"$123,763,428.55"
lucasjo01,"$3,265,740.32"
lucasma01,"$4,443,804.36"
lucasjo02,"$7,929,430.94"
luety01,"$34,764,866.85"
luwawti01,"$3,481,379.36"
lydonty01,"$2,001,878.85"
lylestr01,"$9,084,952.70"
lynchge01,"$50,540,582.90"
lynchke01,"$1,258,667.65"
mcclesh01,"$2,369,732.84"
maccuto01,"$47,272,951.78"
machasc01,"$261,026.91"
macijar01,"$5,571,346.82"
macksa01,"$3,620,662.49"
macksh01,"$19,229,439.47"
mackema01,"$1,187,124.47"
macklve01,"$661,920.42"
macledo01,"$30,855,026.31"
maconma01,"$16,081,755.11"
macyky01,"$1,811,069.19"
maddoti01,"$607,336.69"
madkige01,"$2,319,978.71"
madsema01,"$24,713,379.33"
maggeco01,"$135,178,434.77"
magloja01,"$62,713,203.05"
mahinia01,"$68,696,445.03"
mahorri01,"$19,701,151.29"
majerda01,"$56,475,652.92"
majorre01,"$31,249.20"
makerth01,"$6,739,060.66"
malonje01,"$31,996,571.56"
malonka01,"$202,677,266.90"
malonmo01,"$46,375,434.32"
malonma01,"$30,590,021.10"
mannida01,"$120,707,795.02"
manniri01,"$493,379.39"
mannipa01,"$204,220.19"
marblde01,"$2,277,264.02"
marbust01,"$249,399,269.26"
marcisa01,"$31,287,277.75"
mariosh01,"$205,879,196.04"
marjabo01,"$19,546,649.64"
markkla01,"$4,843,780.26"
markoda01,"$640,595.36"
marksse01,"$15,136,626.50"
marshdo02,"$2,351,283.74"
marshdo01,"$125,616,037.71"
marshke01,"$9,315,491.72"
marshra01,"$1,674,544.34"
martibi01,"$437,614.69"
martibo01,"$526,314.98"
martica01,"$6,056,879.70"
martida01,"$11,332,190.91"
martija01,"$5,156,831.86"
martije01,"$507,344.51"
martike01,"$174,092,598.72"
martike02,"$114,506,983.63"
martima01,"$1,354,338.68"
mashbja01,"$136,039,070.08"
masonan01,"$83,275,057.69"
masonde01,"$59,959,324.04"
masonfr01,"$1,501,161.98"
masonro01,"$20,135,227.89"
masseto01,"$22,085,395.91"
matthwe01,"$580,128.06"
matthwe02,"$111,469,133.54"
maxeyma01,"$2,112,690.04"
maxieja01,"$40,536,450.12"
maxwece01,"$5,505,423.77"
maxweve01,"$26,124,758.30"
mayse01,"$13,317,031.79"
maybele01,"$13,987,106.73"
mayesth01,"$297,270.21"
maynoer01,"$14,698,618.15"
mayooj01,"$63,138,555.82"
maystr01,"$6,893,922.93"
mbahalu01,"$35,190,647.05"
mcadobo01,"$2,787,921.95"
mccalra01,"$2,639,419.19"
mccanbo01,"$1,413,086.02"
mccanra01,"$11,560,486.31"
mccarke01,"$547,582.53"
mccarwa01,"$27,316,788.07"
mccasam01,"$6,387,895.26"
mccawpa01,"$2,369,732.84"
mccladw01,"$335,504.60"
mccloge01,"$29,441,386.98"
mccolcj01,"$44,162,014.02"
mccontj01,"$3,692,741.81"
mccorti01,"$11,868,290.99"
mccoyje01,"$7,117,404.42"
mccrach01,"$249,988.93"
mccraro01,"$16,258,649.83"
mcculch01,"$4,914,509.52"
mcdancl01,"$409,566.20"
mcdanxa01,"$28,238,954.37"
mcdankj01,"$9,514,752.59"
mcderdo01,"$13,534,484.05"
mcdonbe01,"$373,664.70"
mcdyean01,"$198,846,685.91"
mcfariv01,"$640,595.36"
mcgarmi01,"$5,751,542.87"
mcgeeja01,"$73,843,770.74"
mcgeemi01,"$3,372,741.55"
mcgratr01,"$261,049,988.90"
mcgruro01,"$2,369,732.84"
mcguido01,"$5,989,212.97"
mchalke01,"$35,230,735.66"
mcilvji01,"$59,472,424.46"
mcinnje01,"$33,238,017.06"
mckenke01,"$671,925.55"
mckeyde01,"$73,838,743.42"
mckieaa01,"$87,134,800.78"
mckinbi01,"$364,678.91"
mckintr01,"$58,404.61"
mckinal01,"$1,033,760.33"
mclembe01,"$23,808,838.63"
mcleoke01,"$7,332,133.70"
mcleoro01,"$7,559,962.61"
mcmilna01,"$21,846,242.90"
mcmilto01,"$627,247.73"
mcnamma01,"$1,332,937.71"
mcneaje01,"$39,267.72"
mcphepa01,"$577,959.55"
mcraejo01,"$1,445,441.79"
mcrobjo01,"$45,567,415.52"
medvest01,"$17,236,670.62"
meeda01,"$850,076.20"
meeksjo01,"$36,151,588.09"
meentsc01,"$724,777.86"
mejrisa01,"$3,692,741.81"
mekelga01,"$3,134,808.72"
melofa01,"$5,085,881.88"
mensapo01,"$1,639,627.41"
mercero01,"$62,194,671.06"
meriwjo01,"$679,612.61"
meyerlo01,"$4,667,720.49"
mickejo01,"$5,035,010.14"
middlkh01,"$60,274,844.25"
mihmch01,"$41,458,839.70"
milesaa01,"$251,160.34"
milescj01,"$57,391,067.32"
milesda01,"$97,991,985.75"
milicma01,"$1,134,786.50"
milicda01,"$78,476,625.93"
millean02,"$148,964,000.14"
millean01,"$3,059,319.93"
millebr01,"$143,098,562.87"
milleda01,"$4,885,495.72"
millemi01,"$138,747,820.70"
milleol01,"$14,457,288.40"
millequ01,"$2,244,086.44"
millere01,"$196,283,019.67"
millsch01,"$68,153,951.90"
millspa02,"$32,985,799.39"
millste01,"$32,653,377.71"
millsel01,"$825,947.59"
millspa01,"$164,125,938.34"
minerha01,"$11,212,948.32"
mingya01,"$141,366,610.04"
minnidi01,"$495,596.02"
minorgr01,"$25,061,414.36"
mirotni01,"$37,636,907.72"
miskija01,"$29,939.65"
mitchdo01,"$3,322,370.58"
mitchmi01,"$6,504,312.30"
mitchsa01,"$24,237,106.11"
mitchto02,"$1,074,335.14"
moblecu01,"$107,660,068.00"
mobleer01,"$8,281,200.59"
mohamna01,"$101,900,473.43"
moisoje01,"$13,985,463.34"
mokespa01,"$4,329,462.72"
moncrsi01,"$11,577,533.92"
moniase01,"$1,795,679.15"
monkma01,"$3,681,315.58"
monrogr01,"$96,137,737.00"
monroro01,"$496,212.58"
montrer01,"$34,589,915.77"
moonja01,"$9,957,086.72"
mooreet01,"$26,666,367.05"
moorejo01,"$1,625,201.05"
mooremi01,"$40,462,077.78"
moorero01,"$207,591.50"
mooretr01,"$1,136,900.72"
moreler01,"$3,985,026.20"
mornida01,"$92,811.55"
morrich01,"$34,327,465.07"
morrida01,"$4,291,609.27"
morriis01,"$312,023.61"
morrija01,"$245,299.36"
morrima03,"$30,669,438.08"
morrima02,"$42,502,145.54"
morrira01,"$3,641,302.54"
morrite01,"$2,977,846.34"
morriad01,"$25,253,804.80"
morroan01,"$32,941,271.33"
mortodw01,"$315,788.99"
mortojo01,"$1,887,203.35"
motenla01,"$1,213,290.80"
motiedo01,"$9,590,668.22"
mottoha01,"$1,396,825.94"
moultar01,"$4,366,202.52"
mournal01,"$262,944,213.70"
mozgoti01,"$72,676,477.89"
mudiaem01,"$12,583,081.94"
muhamsh01,"$13,764,365.06"
mulleby01,"$9,470,578.76"
mullich01,"$85,841,408.32"
mundtto01,"$481,098.79"
murdoer01,"$22,154,877.84"
muresgh01,"$17,742,263.07"
murpher01,"$131,580.99"
murphja01,"$794,449.07"
murphke01,"$728,635.76"
murphro01,"$530,509.77"
murphto01,"$4,320,822.02"
murphtr01,"$99,812,902.90"
murrade01,"$3,196,782.29"
murraja01,"$8,424,094.85"
murrala01,"$78,363,522.17"
murraro01,"$14,840,471.66"
murratr01,"$41,868,263.12"
murryto01,"$455,343.93"
muscami01,"$9,978,730.43"
mustaje01,"$7,376,471.26"
mutomdi01,"$261,021,319.99"
muursma01,"$3,559,053.92"
myerspe01,"$3,434,102.80"
ndiayha01,"$1,050,677.28"
ndiayma01,"$1,268,816.65"
ndiayma02,"$5,460,847.02"
ndongbo01,"$1,946,168.52"
nachbbo01,"$18,692,220.23"
naderab01,"$1,479,549.24"
nailole01,"$5,004,958.53"
najered01,"$57,584,470.49"
nancela01,"$27,542,105.50"
nancela02,"$4,955,784.63"
napiesh01,"$8,081,513.11"
nashst01,"$225,233,943.03"
nattca01,"$7,671,754.92"
navarju01,"$818,206.97"
ndourma01,"$1,965,732.08"
nealcr01,"$266,023.34"
nealga01,"$14,450,913.58"
nealyed01,"$5,273,926.17"
nedovne01,"$2,865,367.03"
nelsode01,"$265,454.16"
nelsoja01,"$97,280,165.08"
nembhru01,"$96,728.16"
nesbyty01,"$16,819,155.46"
nestera01,"$80,224,673.82"
netora01,"$4,400,247.39"
nevitch01,"$1,448,958.61"
newbiiv01,"$1,335,853.20"
newblir01,"$25,213,866.33"
newmajo01,"$33,734,388.66"
nichode01,"$777,696.29"
nichoan01,"$20,591,493.37"
nickega01,"$304,798.82"
nimphku01,"$2,269,592.03"
nixonno01,"$8,475,392.78"
noahjo01,"$139,872,169.35"
nocioan01,"$69,353,466.78"
noelda01,"$1,685,924.76"
noelne01,"$24,159,743.96"
noguelu01,"$10,976,915.36"
nordgje01,"$468,164.29"
normake01,"$43,944,632.56"
norriau01,"$332,255.05"
norrimo01,"$32,529,716.35"
novakst01,"$29,372,567.81"
nowitdi01,"$366,396,093.61"
ntilila01,"$4,437,533.61"
nurkiju01,"$10,976,915.36"
nwabada01,"$1,842,272.17"
nwosuju01,"$315,788.99"
obannch01,"$1,228,543.38"
obanned01,"$7,766,575.68"
obriejj01,"$139,453.08"
obryajo01,"$4,343,903.03"
obryapa01,"$11,119,042.98"
okoremi01,"$2,180,763.30"
onealje01,"$266,148,069.86"
onealsh01,"$500,979,993.31"
onealro01,"$1,033,760.33"
oquinky01,"$18,516,017.90"
osullda01,"$312,023.61"
oaklech01,"$91,881,962.96"
obertfa01,"$25,451,518.66"
ochefda01,"$769,422.44"
odengr01,"$35,284,537.41"
odomla01,"$179,512,248.84"
oggal01,"$775,982.58"
ohlbrti01,"$1,251,110.47"
ojelese01,"$1,637,422.93"
okafoem01,"$129,422,027.11"
okafoja01,"$18,587,861.95"
okurme01,"$109,971,486.21"
oladivi01,"$54,885,969.69"
olajuha01,"$218,366,667.80"
olberma01,"$2,146,495.05"
oldhaja01,"$2,523,703.69"
olivebr01,"$4,458,307.41"
olivede01,"$791,376.53"
oliveji01,"$998,019.29"
ollieke01,"$32,414,132.03"
olowomi01,"$65,642,319.52"
olynyke01,"$25,701,490.73"
onuakar01,"$628,603.75"
onuakch01,"$2,369,732.84"
orrlo01,"$3,467,119.96"
ortizjo01,"$731,564.17"
ortonda01,"$4,034,828.12"
osmande01,"$3,349,718.59"
ostergr01,"$85,063,642.70"
othicma01,"$28,973.62"
oubreke01,"$7,788,700.14"
outlabo01,"$68,564,034.76"
outlatr01,"$63,996,554.74"
overtdo01,"$9,333,866.17"
owensan01,"$2,739,416.71"
owensbi01,"$52,641,106.93"
owensch01,"$607,336.69"
owenske01,"$854,455.22"
owensla01,"$199,411.95"
owesra01,"$438,559.46"
oyedeol01,"$2,417,752.15"
pachuza01,"$81,773,788.86"
packro01,"$42,568,296.79"
paddige01,"$713,371.75"
padgesc01,"$12,569,409.86"
palacmi01,"$8,428,060.35"
palmewa01,"$1,484,447.83"
pankoan01,"$9,366.68"
papagge01,"$6,106,897.74"
papanko01,"$6,776,833.08"
pargoja01,"$17,279,531.55"
pargoje01,"$3,035,338.99"
parisro01,"$63,057,585.10"
parkean01,"$35,692,824.71"
parkeja01,"$28,851,831.30"
parkesm01,"$10,045,907.30"
parketo01,"$228,943,625.39"
parksch02,"$20,982,177.13"
parsoch01,"$101,232,284.94"
pattean01,"$2,177,778.83"
pattela01,"$988,555.64"
pattepa01,"$42,696,013.51"
patteru01,"$61,652,480.29"
pattoju01,"$2,848,593.60"
paulbr01,"$1,235,128.31"
paulch01,"$250,949,085.27"
pavloal01,"$29,661,988.31"
paxsoji02,"$5,459,215.97"
paxsojo01,"$11,462,121.48"
payneca01,"$8,199,514.11"
payneke01,"$3,018,285.01"
paytoel01,"$14,074,166.83"
paytoga01,"$195,378,272.86"
pecheol01,"$6,411,982.73"
peelean01,"$45,063,741.44"
pekovni01,"$82,293,734.04"
penbemi01,"$627,889.57"
penneki01,"$15,160.77"
peplomi01,"$817,140.61"
perduwi01,"$43,915,287.38"
perkike01,"$80,390,191.41"
perkisa01,"$72,221,970.16"
perovko01,"$2,737,037.59"
perryel01,"$22,792,138.56"
perryti01,"$17,799,282.56"
persoch01,"$48,440,279.37"
persowe01,"$81,115,524.98"
peterji01,"$16,855,642.86"
petermo01,"$64,461,635.00"
petrojo01,"$22,742,139.51"
petrodr01,"$12,946,824.06"
petruri01,"$439,550.52"
phelpmi01,"$204,220.19"
phillbo01,"$49,079,288.94"
piatker01,"$48,863,490.01"
piercpa01,"$296,879,109.16"
piercri01,"$28,456,212.27"
pietrmi01,"$51,316,866.39"
pincked01,"$20,991,251.44"
pippesc01,"$203,647,177.12"
pittmch01,"$547,970.32"
pittmde01,"$2,898,161.22"
planizo01,"$5,463,988.37"
pleisti01,"$8,482,135.21"
plumlma01,"$26,207,273.62"
plumlmi01,"$39,356,286.57"
plummga01,"$632,941.05"
podkopa01,"$4,538,523.68"
poeltja01,"$7,094,233.77"
pollasc01,"$65,097,455.58"
polynol01,"$42,672,524.69"
pondequ01,"$25,966,433.83"
popema01,"$7,831,250.63"
popsoda01,"$193,274.10"
poquebe01,"$1,686,372.62"
portech01,"$1,396,825.94"
porteot01,"$56,797,559.66"
portete01,"$56,402,852.54"
portibo01,"$5,642,561.64"
porzikr01,"$16,758,916.43"
poseyja01,"$88,045,553.09"
postela01,"$2,417,752.15"
potapvi01,"$70,524,120.35"
powele01,"$5,426,393.57"
poweldw01,"$24,071,966.77"
poweljo01,"$7,179,802.64"
powelno01,"$3,857,242.66"
powelro01,"$640,595.36"
poythal01,"$1,083,437.37"
presspa01,"$9,830,263.65"
pressph01,"$1,494,070.54"
pressha01,"$1,369,254.65"
priceaj01,"$4,228,012.43"
pricebr01,"$37,886,211.00"
pricema01,"$62,444,018.00"
pricero01,"$22,778,405.57"
prigipa01,"$7,616,001.04"
princta01,"$117,671,215.03"
pritcke01,"$1,457,655.12"
profila01,"$5,041,738.95"
pruitga01,"$2,025,882.29"
przybjo01,"$68,293,232.57"
pullaan01,"$312,023.61"
purviro01,"$204,416.14"
qizh01,"$1,033,760.33"
quartti01,"$122,190.86"
quinnch01,"$5,866,389.44"
quinnbr01,"$1,898,745.70"
rabbiv01,"$1,204,088.10"
radjadi01,"$39,510,677.94"
radmavl01,"$65,437,806.54"
radojal01,"$8,958,739.87"
radulmi01,"$1,625,487.50"
rakocig01,"$607,336.69"
rambiku01,"$13,082,914.11"
ramospe01,"$2,659,619.34"
randama01,"$3,558,879.68"
randlch01,"$703,061.34"
randlju01,"$17,572,550.59"
randoan01,"$19,046,898.08"
randosh01,"$7,159,381.19"
randoza01,"$265,007,615.23"
ranseke01,"$926,284.43"
rasmubl01,"$33,181,856.00"
rathaxa01,"$58,404.61"
ratlith01,"$172,729,257.77"
rautian01,"$1,954,805.41"
rayal01,"$640,595.36"
rebraze01,"$33,983,614.21"
recasel01,"$8,120,032.29"
reddmi01,"$154,378,500.77"
redicjj01,"$106,189,088.23"
reedda01,"$1,033,760.33"
reedju01,"$8,171,858.81"
reedwi02,"$4,432,009.03"
reevebr01,"$101,434,211.28"
reevekh01,"$17,867,361.75"
reiddo01,"$11,322,170.30"
reidjr01,"$37,635,975.24"
reidro01,"$5,096,720.10"
reidry01,"$663,871.51"
reineja01,"$1,647,928.65"
renchte01,"$409,566.20"
rentzef01,"$5,308,030.14"
respesh01,"$8,447,051.73"
reynoje01,"$14,190,073.94"
rhodero01,"$3,645,604.89"
ricegl01,"$129,620,907.37"
ricegl02,"$526,323.98"
richach01,"$712,681.30"
richacl01,"$1,111,558.50"
richaja01,"$156,325,848.32"
richaje01,"$2,688,975.77"
richajo01,"$3,692,741.81"
richama01,"$3,777,588.90"
richami01,"$3,477,827.17"
richano01,"$585,022.34"
richapo01,"$35,889,979.23"
richaqu01,"$95,863,148.56"
richmmi01,"$101,271,098.35"
rideris01,"$51,921,140.30"
ridnolu01,"$65,852,771.86"
rileyer01,"$2,698,008.73"
rivasra01,"$266,023.34"
riverau01,"$42,737,185.80"
riverda01,"$532,046.67"
riverdo01,"$19,415,364.60"
roberan03,"$19,178,723.20"
roberan02,"$2,221,196.30"
roberte01,"$577,959.55"
roberbr01,"$10,417,568.08"
roberfr01,"$8,162,058.86"
roberla01,"$1,674,544.34"
roberst01,"$39,053,761.88"
roberal01,"$16,072,358.16"
roberry01,"$565,513.11"
robeyri01,"$2,669,492.57"
robinbe01,"$4,870,441.80"
robinch01,"$1,781,530.57"
robincl01,"$7,081,004.78"
robincl02,"$112,962,144.29"
robinda01,"$234,351,447.34"
robined01,"$48,887,955.88"
robingl01,"$145,449,988.75"
robingl02,"$5,077,164.07"
robinja03,"$72,935.78"
robinja02,"$22,989,538.45"
robinla01,"$2,435,565.72"
robinna01,"$35,239,163.11"
robinru01,"$10,703,299.08"
robinth01,"$16,793,558.30"
robintr01,"$1,631,070.26"
rodmade01,"$55,949,805.39"
rodrise01,"$17,338,439.69"
roelo01,"$1,085,430.93"
rogerca01,"$22,488,840.66"
rogerjo01,"$207,591.50"
rogerro01,"$49,439,224.48"
rogerro02,"$6,305,855.22"
rollitr01,"$20,539,555.80"
rondora01,"$122,154,021.04"
rooksse01,"$32,142,041.06"
rosede01,"$160,106,057.35"
roseja01,"$174,644,369.56"
rosema01,"$83,086,714.28"
rossqu01,"$8,994,837.73"
rosste01,"$41,717,577.41"
rothsc01,"$207,591.50"
roundda01,"$4,250,877.03"
rowsobr01,"$266,023.34"
roybr01,"$114,914,991.31"
royaldo01,"$11,096,152.00"
roziecl01,"$7,149,633.50"
roziete01,"$7,399,777.77"
rubiori01,"$73,946,219.35"
ruckegu01,"$60,734.02"
ruddde01,"$1,068,230.67"
rudezda01,"$4,234,992.29"
ruffimi01,"$14,423,418.59"
ruffitr01,"$513,388.68"
rulanje01,"$3,269,031.85"
ruscost01,"$849,849.87"
rushbr01,"$31,125,867.61"
rushka01,"$13,888,570.60"
russebr01,"$47,097,499.39"
russeda01,"$20,698,913.81"
russewa02,"$523,115.37"
sabonar01,"$88,665,271.90"
sabondo01,"$6,402,207.44"
sacrero01,"$4,194,211.37"
sallejo01,"$33,547,901.69"
salmojo01,"$84,616,740.40"
salvake01,"$1,073,748.34"
samakso01,"$1,614,040.51"
sambch01,"$1,812,536.92"
sampsja01,"$5,075,568.87"
sampsra01,"$44,069,521.83"
samuesa01,"$2,239,549.23"
sanchpe01,"$2,723,118.53"
sandeje01,"$2,342,263.74"
sandela01,"$33,836,901.50"
sandeme01,"$39,244.31"
sandemi01,"$10,450,472.13"
santida01,"$5,623,299.11"
saricda01,"$6,082,290.04"
sasseja01,"$5,069.25"
sasseje01,"$5,176,990.01"
satorto01,"$7,531,995.07"
satteke01,"$1,475,603.12"
savovpr01,"$607,336.69"
scalabr01,"$30,686,100.49"
scaleal01,"$39,244.31"
schayda01,"$30,172,671.96"
schefst01,"$3,439,647.63"
schenlu01,"$85,367.60"
schindw01,"$11,561,370.89"
schoeru01,"$1,423,535.85"
schrede01,"$62,713,195.98"
schrode01,"$29,513,470.36"
scolalu01,"$89,302,100.88"
scottal01,"$362,460.06"
scottbr01,"$1,214,613.50"
scottby01,"$26,517,548.87"
scottde01,"$52,167,413.91"
scottja01,"$438,559.46"
scottmi01,"$16,668,905.58"
scottsh01,"$3,604,039.24"
scurrca01,"$204,220.19"
sealssh01,"$1,189,398.40"
sealyma01,"$19,325,601.44"
sefolth01,"$53,904,235.99"
seikaro01,"$57,532,292.26"
selbyjo01,"$1,803,679.92"
seldewa01,"$1,813,199.83"
sellebr01,"$5,265,908.56"
senesa01,"$9,526,049.86"
serapke01,"$21,856,215.39"
sesayan01,"$5,945,269.90"
sessira01,"$47,854,871.72"
seungha01,"$2,191,424.61"
sewelto01,"$437,614.69"
shackch01,"$8,646,763.11"
shakumu01,"$135,657.22"
shammgo01,"$468,647.93"
sharpwa01,"$644,674.18"
shaskjo01,"$1,600,902.59"
shawbr01,"$56,831,848.69"
shawca01,"$594,415.92"
sheltlo01,"$2,418,418.83"
sheppje01,"$1,268,816.65"
shirlpa01,"$51,846.20"
shortpu01,"$5,990,651.32"
shumpim01,"$47,743,546.72"
shvedal01,"$12,513,722.15"
siakapa01,"$3,217,516.70"
siberjo01,"$131,698.67"
sichtje01,"$2,691,135.25"
sikmaja01,"$23,738,851.43"
silasxa01,"$93,993.65"
silerga01,"$744,187.49"
simiewa01,"$2,848,268.84"
simmobe01,"$15,487,844.90"
simmobo01,"$76,736,024.57"
simmoce01,"$7,370,663.61"
simmojo02,"$9,812,827.57"
simmoli01,"$43,921,435.35"
simonmi01,"$1,268,816.65"
simpkdi01,"$10,417,251.37"
simsco01,"$439,749.08"
simshe01,"$1,514,575.98"
singlky01,"$22,973,038.02"
singlse01,"$644,674.18"
singlch01,"$6,406,678.28"
singlja01,"$4,763,010.39"
sivape01,"$131,580.99"
skilesc01,"$17,569,222.70"
skinnbr01,"$40,480,637.48"
slatere01,"$4,677,835.61"
slayta01,"$2,717,291.58"
sloando01,"$4,446,258.79"
slokaur01,"$640,595.36"
smartma01,"$19,240,118.68"
smithch01,"$51,750,561.28"
smithch02,"$460,761.98"
smithch04,"$7,251,711.44"
smithch03,"$1,775,885.48"
smithcr01,"$13,630,036.60"
smithde03,"$4,079,044.89"
smithde02,"$8,015,067.57"
smithdo04,"$1,742,097.83"
smithdo03,"$16,130,220.46"
smithgr02,"$4,212,347.99"
smithis01,"$23,429,022.52"
smithjr01,"$98,201,988.67"
smithja01,"$3,675,374.56"
smithja02,"$42,311,092.80"
smithjo02,"$103,351,605.71"
smithjo03,"$154,374,042.91"
smithke01,"$29,158,795.72"
smithla02,"$5,140,496.30"
smithla01,"$11,088,124.26"
smithle01,"$2,634,200.67"
smithmi01,"$4,146,225.98"
smithmi02,"$29,142,638.69"
smithmi03,"$577,959.55"
smithno01,"$3,734,381.94"
smithot01,"$3,149,182.84"
smithre01,"$1,385,613.62"
smithru01,"$2,149,631.04"
smithst01,"$120,699,549.05"
smithst03,"$249,988.93"
smithth01,"$1,652,030.89"
smithto02,"$7,662,066.04"
smitsri01,"$87,701,501.09"
smrekmi01,"$2,198,147.42"
snellto01,"$21,368,522.60"
snower01,"$84,315,169.37"
snydeki01,"$10,514,060.60"
soberri01,"$2,076,586.93"
solomwi01,"$1,622,529.95"
songada01,"$38,107,483.98"
sowpa01,"$2,831,727.11"
spanova01,"$5,749,849.31"
sparrro01,"$7,329,165.04"
speigma01,"$34,896,301.77"
spencan01,"$539,602.03"
spencel01,"$7,643,858.80"
spencfe01,"$38,340,028.25"
splitti01,"$63,156,315.44"
sprewla01,"$175,179,107.73"
sprigla01,"$665,698.27"
stackry01,"$1,268,816.65"
stackje01,"$141,415,055.38"
stanste01,"$466,789.00"
starkjo01,"$48,648,550.61"
stausni01,"$16,105,831.31"
stepavl01,"$10,153,601.27"
stephdj01,"$45,470.19"
stephev01,"$266,023.34"
stephjo01,"$692,364.48"
stephla01,"$40,693,798.41"
stephal01,"$122,037.25"
steppbr01,"$302,050.05"
stevede01,"$42,452,241.85"
stewake01,"$503,647.13"
stewala01,"$4,673,746.44"
stewami01,"$44,331,666.85"
stiemgr01,"$9,429,485.42"
stipast01,"$7,333,872.36"
stithbr01,"$61,494,498.99"
stivral01,"$312,023.61"
stockda01,"$283,650.70"
stockjo01,"$131,505,663.32"
stojape01,"$152,187,590.59"
stokeed01,"$527,168.46"
stokegr01,"$204,220.19"
stokeja01,"$2,261,765.87"
stonedi01,"$2,433,105.90"
stoneju01,"$3,693,861.81"
storeaw01,"$2,258,248.77"
stoudda01,"$174,029,453.99"
stoudsa01,"$3,411,567.25"
stoudam01,"$238,317,926.52"
strawdj01,"$649,533.99"
stricer01,"$23,783,519.39"
stricma01,"$15,072,329.35"
stricro02,"$78,635,168.56"
stroejo01,"$207,591.50"
stronde01,"$37,568,575.44"
strotla01,"$343,004.09"
stuckro01,"$65,462,057.31"
sullija01,"$15,774,661.11"
summeda01,"$2,173,355.96"
sundobr01,"$7,907,581.75"
sundvjo01,"$3,780,147.02"
surabo01,"$78,547,824.74"
suttogr01,"$1,205,812.94"
swanica01,"$1,857,996.66"
sweetmi01,"$14,009,776.00"
swiftro01,"$17,679,647.65"
swiftst01,"$70,124,326.96"
swinsaa01,"$215,629.14"
sypa01,"$672,721.95"
szabobr01,"$438,559.46"
szczewa02,"$119,311,495.79"
tabakza01,"$10,065,059.14"
tabusyu01,"$179,597.87"
taftch01,"$1,714,894.24"
tarladr01,"$4,558,486.37"
tarplro01,"$12,864,962.75"
tatumja01,"$7,155,325.22"
tavarwa01,"$2,622,818.99"
tayloan01,"$266,023.34"
taylodo01,"$1,674,544.34"
taylois01,"$2,059,923.66"
tayloje03,"$3,039,475.05"
tayloje02,"$2,166,026.20"
taylojo01,"$5,916,148.60"
tayloma01,"$90,092,486.68"
taylomi01,"$729,081.39"
tayloty01,"$1,697,503.31"
teaglte01,"$5,399,913.53"
teaguje01,"$76,881,835.17"
teaguma01,"$4,508,029.50"
teletmi01,"$47,136,426.38"
telfase01,"$28,239,008.87"
templga01,"$25,517,722.22"
teodomi01,"$7,604,766.94"
terryja01,"$162,156,700.52"
thabeha01,"$23,708,311.52"
theisda01,"$1,033,760.33"
theusre01,"$7,988,469.81"
thibepe01,"$247,981.66"
thomaad01,"$79,019.20"
thomabi01,"$1,179,094.50"
thomaca01,"$1,020,064.21"
thomach01,"$297,270.21"
thomaet01,"$69,799,227.88"
thomair01,"$289,911.15"
thomais02,"$38,001,362.35"
thomais01,"$40,767,316.19"
thomaja01,"$109,775.58"
thomaja02,"$239,997.95"
thomaji01,"$445,860.23"
thomajo02,"$4,657,688.91"
thomake01,"$85,714,972.06"
thomaku01,"$104,926,387.37"
thomala01,"$21,858,684.99"
thomama01,"$767,794.56"
thomati01,"$162,631,610.84"
thomaty01,"$65,687,153.01"
thomptr02,"$1,696,907.02"
thompbe01,"$1,297,321.43"
thompbi01,"$2,307,946.27"
thompbr01,"$5,713,755.72"
thompdi01,"$781,897.26"
thompho01,"$3,051,512.61"
thompja02,"$46,963,127.66"
thompke01,"$323,761.22"
thompkl01,"$77,877,313.64"
thompla01,"$29,154,735.66"
thompmy01,"$13,749,942.31"
thompmy02,"$234,849.79"
thomppa01,"$519,826.70"
thomptr01,"$82,322,908.05"
thornal01,"$11,869,811.39"
thornbo01,"$2,882,293.94"
thornma01,"$47,395,907.99"
thornsi01,"$1,033,760.33"
thorpot01,"$78,330,250.50"
threase01,"$21,935,645.88"
tinslja01,"$60,813,099.43"
tisdawa01,"$51,693,761.62"
tobeymi01,"$180,501.06"
tolbera01,"$266,023.34"
tolbeto01,"$5,972,343.47"
tollian01,"$34,514,259.65"
toneyan01,"$7,968,152.90"
toneyse01,"$531,352.72"
toolsan01,"$1,496,412.23"
torreos01,"$878,263.05"
toupaax01,"$320,903.88"
towerke01,"$593,981.57"
townska01,"$23,134,299.57"
traylro01,"$21,173,684.69"
trentga01,"$21,317,754.34"
trepaje01,"$1,666,906.60"
tripuke01,"$15,199,359.24"
trybace01,"$8,142,490.42"
tsakaja01,"$21,038,053.76"
tskitni01,"$15,047,424.09"
tuckeal02,"$4,440,235.65"
tuckean01,"$776,550.96"
tuckepj01,"$34,106,618.94"
tucketr01,"$9,166,111.74"
turiaro01,"$32,110,015.43"
turkcmi01,"$4,914,489.16"
turkohe01,"$132,544,377.54"
turnean01,"$1,082,637.20"
turneel01,"$1,170,822.92"
turneev01,"$81,403,924.90"
turnehe02,"$378,946.79"
turneje01,"$9,791,025.97"
turnejo01,"$1,406,316.75"
turnemy01,"$9,563,305.59"
turnewa01,"$56,200.06"
turpime01,"$4,866,060.89"
tylerbj01,"$13,341,347.12"
tylerje01,"$3,259,034.48"
tylerte01,"$4,796,933.55"
udohek01,"$25,065,969.15"
udokaim01,"$5,847,987.05"
udrihbe01,"$63,384,813.01"
ukicro01,"$2,264,733.16"
ulisty01,"$2,856,780.91"
upshake01,"$644,151.26"
uthofja01,"$157,421.84"
uzohbe01,"$758,582.20"
valanjo01,"$58,897,479.11"
valenda01,"$3,667,831.41"
valende01,"$5,489,254.98"
vanexni01,"$132,787,982.89"
vanhoke01,"$152,351,351.49"
vandelo01,"$409,566.20"
vandeki01,"$15,382,018.89"
vanosni01,"$364,678.91"
vanvlfr01,"$2,369,732.84"
vardara01,"$802,236.91"
varejan01,"$107,570,628.50"
varnaja01,"$1,572,993.31"
vasqugr01,"$30,281,169.25"
vaughda02,"$4,516,884.34"
vaughja01,"$18,988,226.53"
vaughra01,"$7,240,210.33"
vaughlo01,"$76,371,659.24"
verhope01,"$841,774.84"
veselja01,"$13,223,435.56"
vetragu01,"$1,260,425.95"
villach01,"$73,010,200.44"
vinceja01,"$3,813,414.62"
vincesa01,"$10,953,497.76"
vincima01,"$1,685,924.76"
vinsofr01,"$1,224,356.64"
vocega01,"$266,023.34"
volkoal01,"$3,113,870.43"
vonleno01,"$14,812,380.64"
voskuja01,"$19,760,953.98"
vraneda01,"$5,186,153.02"
vranesl01,"$219,819.28"
vrankst01,"$27,891,743.05"
vromaja01,"$1,741,129.95"
vucevni01,"$56,326,328.53"
vujacsa01,"$32,342,354.19"
wadedw01,"$272,058,894.83"
wafervo01,"$4,358,828.12"
wagneda02,"$13,772,129.38"
wagnemi01,"$207,591.50"
waitedi01,"$40,084,414.23"
waitegr01,"$943,517.63"
walkean02,"$183,123,911.08"
walkeda01,"$8,404,584.46"
walkebi01,"$3,229,464.60"
walkeke02,"$61,074,199.00"
walkeke01,"$6,640,376.55"
walkesa01,"$29,086,483.55"
walljo01,"$118,245,883.68"
wallabe01,"$139,516,078.19"
wallage01,"$146,819,932.37"
wallajo01,"$19,016,084.66"
wallara01,"$264,776,624.29"
princta02,"$6,082,290.04"
walshma01,"$62,790.89"
waltere01,"$16,719,434.67"
waltobi01,"$7,687,460.66"
waltolu01,"$49,067,955.12"
wardch01,"$61,198,082.95"
warneja01,"$84,387.57"
warretj01,"$12,020,010.05"
warrewi01,"$710,215.66"
warribr01,"$332,255.05"
warriha01,"$30,542,155.84"
washbch01,"$3,428,113.55"
washida01,"$235,456.70"
washidu01,"$207,591.50"
washier01,"$2,488,908.88"
washipe01,"$1,749,223.05"
watkida01,"$166,443.82"
watsocj01,"$30,811,782.23"
watsoea01,"$64,525,465.78"
watsoja01,"$4,825,405.91"
waynsma01,"$295,073.60"
wearda01,"$39,267.72"
weartr01,"$1,043,532.36"
weathcl01,"$65,995,085.35"
weaveky01,"$2,445,572.47"
webbma01,"$312,023.61"
webbsp01,"$18,436,058.27"
webbech01,"$309,550,802.86"
webstma02,"$65,486,351.58"
webstma01,"$2,672,069.30"
wedmasc01,"$2,375,172.71"
weemsso01,"$6,619,337.54"
wellsbo01,"$66,395,219.14"
wellsbu01,"$1,097,232.51"
welpch01,"$1,424,343.25"
welscji01,"$10,264,464.39"
wennibi01,"$16,554,695.23"
wenstma01,"$639,550.21"
werdaro01,"$1,668,440.05"
wesleda01,"$57,073,596.69"
westda01,"$130,191,060.86"
westde01,"$24,026,866.89"
westdo01,"$41,067,986.92"
westma02,"$2,338,266.87"
westma01,"$26,101,112.91"
westbru01,"$174,955,927.70"
whalero01,"$772,468.02"
whatlen01,"$1,808,617.78"
wheatde01,"$2,035,212.03"
wheelcl01,"$542,812.01"
whitedj01,"$7,654,091.66"
whitede01,"$1,780,275.94"
whiteer01,"$207,591.50"
whiteja01,"$44,015,972.80"
whiteja02,"$2,430,063.58"
whiteok01,"$2,291,766.84"
whitera01,"$7,781,529.97"
whitero02,"$12,427,882.24"
whitero01,"$204,220.19"
whitero03,"$2,298,232.72"
whiteto01,"$207,591.50"
whitewi01,"$247,981.66"
whiteis01,"$3,059,157.02"
whiteje01,"$4,098,926.13"
whitedo01,"$965,244.28"
whiteha01,"$63,275,703.86"
whitnch01,"$25,811,358.64"
whittsh01,"$1,780,489.18"
wiggian01,"$32,238,682.28"
wiggimi01,"$2,357,537.29"
wilcoch01,"$59,146,144.72"
wileymo01,"$2,611,435.53"
wilkeja01,"$2,816,437.77"
wilkida02,"$28,221,568.46"
wilkido01,"$55,789,935.29"
wilkied01,"$3,174,458.33"
wilkige01,"$33,838,826.00"
wilkije01,"$625,789.01"
wilkida01,"$204,220.19"
wilksmi01,"$8,074,227.18"
williaa01,"$40,212,677.01"
willial03,"$8,891,560.57"
willial02,"$69,800,841.60"
willibr01,"$613,478.98"
willibu01,"$59,475,990.31"
willico01,"$445,748.01"
willide01,"$201,590,792.01"
willide02,"$41,242,474.64"
williel01,"$6,413,543.11"
willier01,"$69,518,438.45"
willifr02,"$4,554,210.04"
willigu01,"$4,509,736.07"
willihe01,"$25,940,337.85"
williho01,"$80,662,469.22"
willija02,"$90,937,224.79"
willija04,"$1,886,851.25"
willija03,"$14,862,140.18"
willija01,"$118,143,841.96"
willije01,"$85,337,842.13"
willijo02,"$11,661,593.74"
willijo03,"$1,696,907.02"
williju01,"$1,717,662.08"
willike03,"$2,585,371.48"
willike01,"$745,020.84"
willilo01,"$23,687,504.68"
willilo02,"$79,205,067.65"
willima03,"$6,586,238.14"
willima04,"$19,600.23"
willima02,"$131,020,103.12"
willimi02,"$36,040,291.23"
willima01,"$96,716,050.65"
willimo01,"$14,944,431.59"
willipe01,"$204,220.19"
willire01,"$20,848,565.61"
willire02,"$9,949,020.04"
williro02,"$362,460.06"
willisc01,"$56,765,399.84"
willise01,"$6,749,527.20"
willish01,"$12,480,239.31"
willish03,"$20,770,941.21"
willish02,"$18,253,109.40"
willisl01,"$2,672,069.30"
willite01,"$9,862,514.72"
willitr01,"$468,164.29"
willitr02,"$3,277,340.61"
williwa02,"$54,492,265.77"
willico02,"$73,346,441.96"
willike02,"$63,053,126.44"
willode01,"$252,817.85"
wilsodj01,"$2,706,080.27"
wilsori02,"$207,591.50"
wilsotr01,"$1,376,391.18"
winchke01,"$876,338.02"
wingada01,"$14,685,940.62"
wingfdo01,"$2,934,014.90"
winslju01,"$10,066,188.21"
wintetr01,"$556,066.87"
wintevo01,"$204,220.19"
witheje01,"$5,640,616.47"
wittmra01,"$6,264,091.80"
wolfjo01,"$10,386,729.38"
wolkoru01,"$2,557,557.96"
woodal01,"$4,076,216.19"
woodch01,"$1,539,001.84"
woodda01,"$4,139,767.78"
woodle01,"$1,595,109.22"
woodslo01,"$5,797,491.79"
woodsqy01,"$6,330,193.26"
woodsra01,"$5,168,824.83"
woodsmi01,"$6,032,937.36"
woolror01,"$23,355,743.95"
workmha01,"$13,668,761.16"
artesro01,"$116,883,411.32"
worthja01,"$29,003,681.50"
wrighan01,"$14,463,728.53"
wrighbr02,"$1,674,544.34"
wrighbr03,"$50,992,215.30"
wrighch01,"$791,835.25"
wrighde01,"$6,122,154.58"
wrighdo01,"$40,960,692.85"
wrighho02,"$11,143.70"
wrighju01,"$12,345,894.22"
wrighlo02,"$94,673,343.56"
wrighlu01,"$3,181,909.92"
wrighsh01,"$29,941,414.66"
wroteto01,"$7,773,293.58"
wyndeaj01,"$681,771.60"
yabusgu01,"$2,848,593.60"
youngda01,"$3,684,859.14"
youngjo01,"$4,549,054.42"
youngko01,"$547,582.53"
youngni01,"$52,188,676.55"
youngsa01,"$4,767,365.42"
youngth01,"$110,320,626.46"
youngti01,"$565,513.11"
yuesu01,"$644,674.18"
zelleco01,"$38,854,941.79"
zellelu01,"$643,108.12"
zellety01,"$22,554,101.92"
zhizhwa01,"$9,798,884.73"
zidekge01,"$4,135,382.27"
zimmest01,"$1,234,190.81"
zipsepa01,"$2,638,044.62"
zizican01,"$2,085,227.10"
zubaciv01,"$3,008,244.70"
